filename,md5
author.json,9315940ab5c4a900ec41ff06cd47444e
count.json,5d83adf63bd93ceb7eea2b46d20c95ee
dapnet.json,870b63f86656fdcf51fac6f1ab08a96c
hackerspaces.json,986be254bc01432ac4c0ebdae8d37d28
hamshack.json,f5730e378b204e22a7ae6f78bca37947
hamvoip.json,af8a91603b635ec8a0b57e08db0751c5
news.json,cbb6b1417c5e10035ca68927a8808b44
nxdn.json,52c1cd352482d517167a8760086876bd
radioid.json,53747948c7aada8070ee3b5012cab6ff
radioidmaps.json,1f8e45e5e913e98fc77f10573431474b
repeaterbookmaps.json,81edada066cb8c63300e74ccbde0a65f
rptrs.json,7b6e9148d11953b750d69cce9c7fe852
winners.json,c9a7cabe46b30d017b3c6df5f4cf4caa
maps_database.db,4d47c9e6dabdd77c1d3ae4d3eb5aaa00
radio_database.db,97e37b5fa6864dca59ef38ee7c5a52be
